"producto","variedad","Nom_Procedencia","Precio Mayorista","Precio Minorista","observaciones","fecha"
"Acelga","Comun","Los Negros","4   Bs.-/Amarro","6   Bs.-/Amarro","","20/06/2008"
"Acelga","Comun","Los Negros","4   Bs.-/Amarro","7   Bs.-/Amarro","","11/06/2008"
"Acelga","Comun","Los Negros","4   Bs.-/Amarro","6   Bs.-/Amarro","","10/06/2008"
"Acelga","Comun","Los Negros","5   Bs.-/Amarro","8   Bs.-/Amarro","","04/06/2008"
"Achojcha","Comun","Los Negros","60   Bs.-/Bolsa (2@)","3   Bs.-/3 Libras","","20/06/2008"
"Achojcha","Comun","Los Negros","75   Bs.-/Bolsa (2@)","6   Bs.-/3 Libras","","11/06/2008"
"Achojcha","Comun","Los Negros","75   Bs.-/Bolsa (2@)","6   Bs.-/3 Libras","","10/06/2008"
"Achojcha","Comun","Los Negros","50   Bs.-/Bolsa (2@)","3   Bs.-/3 Libras","","04/06/2008"
"Achojcha","Comun","Los Negros","66   Bs.-/Bolsa (2@)","6   Bs.-/3 Libras","","03/06/2008"
"Achojcha","Comun","Los Negros","60   Bs.-/Bolsa (2@)","6   Bs.-/3 Libras","Achojcha peque?a","02/06/2008"
"Achojcha","Comun","Los Negros","65   Bs.-/Bolsa (2@)","6   Bs.-/3 Libras","","27/05/2008"
"Achojcha","Comun","Los Negros","80   Bs.-/Bolsa (2@)","6   Bs.-/3 Libras","Achojcha grande","23/05/2008"
"Achojcha","Comun","Los Negros","90   Bs.-/Bolsa (2@)","6   Bs.-/3 Libras","","12/05/2008"
"Achojcha","Comun","Los Negros","70   Bs.-/Bolsa (2@)","15   Bs.-/3 Libras","","09/05/2008"
"Arveja","Verde (en vaina)","Cochabamba","150   Bs.-/Bolsa (2@)","9   Bs.-/3 Libras","","20/06/2008"
"Arveja","Verde (en vaina)","Comarapa","100   Bs.-/Bolsa (2@)","9   Bs.-/3 Libras","","11/06/2008"
"Arveja","Verde (en vaina)","Comarapa","110   Bs.-/Bolsa (2@)","9   Bs.-/3 Libras","","10/06/2008"
"Arveja","Verde (en vaina)","Comarapa","75   Bs.-/Bolsa (2@)","6   Bs.-/3 Libras","","04/06/2008"
"Arveja","Verde (en vaina)","Cochabamba","80   Bs.-/Bolsa (2@)","6   Bs.-/3 Libras","","03/06/2008"
"Arveja","Verde (en vaina)","Comarapa","120   Bs.-/Bolsa (2@)","9   Bs.-/3 Libras","","02/06/2008"
"Arveja","Verde (en vaina)","Comarapa","150   Bs.-/Bolsa (2@)","9   Bs.-/3 Libras","","12/05/2008"
"Arveja","Verde (en vaina)","Comarapa","160   Bs.-/Bolsa (2@)","15   Bs.-/3 Libras","","08/05/2008"
"Brocoli","Bola verde","Los Negros","90   Bs.-/Canasta","6   Bs.-/Unidad","","20/06/2008"
"Brocoli","Bola verde","Los Negros","75   Bs.-/Canasta","5   Bs.-/Unidad","","11/06/2008"
"Brocoli","Bola verde","Los Negros","70   Bs.-/Canasta","5   Bs.-/Unidad","","10/06/2008"
"Brocoli","Bola verde","Los Negros","60   Bs.-/Canasta","5   Bs.-/Unidad","","04/06/2008"
"Cebolla","Roja","Cochabamba","190   Bs.-/Bolsa (8@)","26   Bs.-/Arroba (@)","","20/06/2008"
"Cebolla","Roja","Cochabamba","200   Bs.-/Bolsa (8@)","28   Bs.-/Arroba (@)","","11/06/2008"
"Cebolla","Roja","Cochabamba","200   Bs.-/Bolsa (8@)","28   Bs.-/Arroba (@)","","10/06/2008"
"Cebolla","Roja","Cochabamba","160   Bs.-/Bolsa (8@)","22   Bs.-/Arroba (@)","","04/06/2008"
"Cebolla","Roja","Cochabamba","140   Bs.-/Bolsa (8@)","20   Bs.-/Arroba (@)","","03/06/2008"
"Cebolla","Roja","Cochabamba","200   Bs.-/Bolsa (8@)","28   Bs.-/Arroba (@)","","02/06/2008"
"Cebolla","Roja","Cochabamba","190   Bs.-/Bolsa (8@)","26   Bs.-/Arroba (@)","","28/05/2008"
"Cebolla","Roja","Cochabamba","190   Bs.-/Bolsa (8@)","26   Bs.-/Arroba (@)","","27/05/2008"
"Cebolla","Roja","Cochabamba","200   Bs.-/Bolsa (8@)","28   Bs.-/Arroba (@)","","23/05/2008"
"Cebolla","Roja","Cochabamba","220   Bs.-/Bolsa (8@)","30   Bs.-/Arroba (@)","","13/05/2008"
"Cebolla","Roja","Cochabamba","220   Bs.-/Bolsa (8@)","30   Bs.-/Arroba (@)","","12/05/2008"
"Cebolla","Roja","Cochabamba","320   Bs.-/Bolsa (8@)","35   Bs.-/Arroba (@)","","09/05/2008"
"Cebolla","Roja","Cochabamba","120   Bs.-/Bolsa (8@)","17   Bs.-/Arroba (@)","","08/05/2008"
"Cebolla","Roja","Cochabamba","220   Bs.-/Bolsa (8@)","30   Bs.-/Arroba (@)","","14/04/2008"
"Coliflor","Bola de nieve","Los Negros","40   Bs.-/Canasta","4   Bs.-/Unidad","","20/06/2008"
"Coliflor","Bola de nieve","Los Negros","70   Bs.-/Canasta","5   Bs.-/Unidad","","11/06/2008"
"Coliflor","Bola de nieve","Los Negros","70   Bs.-/Canasta","5   Bs.-/Unidad","","10/06/2008"
"Coliflor","Bola de nieve","Los Negros","80   Bs.-/Canasta","5   Bs.-/Unidad","","04/06/2008"
"Durazno","Amarillo","Tarija","180   Bs.-/Caja de 23 Kg","12   Bs.-/Kilo","","08/05/2008"
"Espinaca","Comun","Los Negros","80   Bs.-/Bolsa Grande","6   Bs.-/3 Libras","","20/06/2008"
"Espinaca","Comun","Los Negros","75   Bs.-/Bolsa Grande","6   Bs.-/3 Libras","","11/06/2008"
"Espinaca","Comun","Los Negros","75   Bs.-/Bolsa Grande","6   Bs.-/3 Libras","","10/06/2008"
"Espinaca","Comun","Los Negros","70   Bs.-/Bolsa Grande","9   Bs.-/3 Libras","","04/06/2008"
"Frejol","Carioca","Valles Cruceños","440   Bs.-/qq","10   Bs.-/Kilo","","20/06/2008"
"Frejol","Carioca","Valles Cruceños","440   Bs.-/qq","10   Bs.-/Kilo","","11/06/2008"
"Frejol","Carioca","Valles Cruceños","440   Bs.-/qq","10   Bs.-/Kilo","","10/06/2008"
"Frejol","Carioca","Valles Cruceños","440   Bs.-/qq","10   Bs.-/Kilo","","04/06/2008"
"Frejol","Carioca","Valles Cruceños","280   Bs.-/qq","6   Bs.-/Kilo","","03/06/2008"
"Frejol","Carioca","Valles Cruceños","400   Bs.-/qq","10   Bs.-/Kilo","","02/06/2008"
"Frejol","Carioca","Valles Cruceños","440   Bs.-/qq","10   Bs.-/Kilo","","28/05/2008"
"Frejol","Carioca","Valles Cruceños","400   Bs.-/qq","10   Bs.-/Kilo","","27/05/2008"
"Frejol","Carioca","Valles Cruceños","560   Bs.-/qq","12   Bs.-/Kilo","","23/05/2008"
"Frejol","Carioca","Valles Cruceños","440   Bs.-/qq","10   Bs.-/Kilo","","13/05/2008"
"Frejol","Carioca","Valles Cruceños","360   Bs.-/qq","10   Bs.-/Kilo","","12/05/2008"
"Frejol","Carioca","Valles Cruceños","400   Bs.-/qq","12   Bs.-/Kilo","","09/05/2008"
"Frejol","Carioca","Valles Cruceños","360   Bs.-/qq","10   Bs.-/Kilo","","08/05/2008"
"Frejol","Carioca","Valles Cruceños","380   Bs.-/qq","10   Bs.-/Kilo","","14/04/2008"
"Frejol","Mantecoso","Cochabamba","400   Bs.-/qq","10   Bs.-/Kilo","","20/06/2008"
"Frejol","Mantecoso","Cochabamba","400   Bs.-/qq","9   Bs.-/Kilo","","11/06/2008"
"Frejol","Mantecoso","Cochabamba","400   Bs.-/qq","9   Bs.-/Kilo","","10/06/2008"
"Frejol","Mantecoso","Cochabamba","400   Bs.-/qq","9   Bs.-/Kilo","","04/06/2008"
"Frejol","Mantecoso","Cochabamba","380   Bs.-/qq","9   Bs.-/Kilo","","03/06/2008"
"Frejol","Mantecoso","Cochabamba","640   Bs.-/qq","14   Bs.-/Kilo","","02/06/2008"
"Frejol","Mantecoso","Cochabamba","600   Bs.-/qq","14   Bs.-/Kilo","","28/05/2008"
"Frejol","Mantecoso","Cochabamba","680   Bs.-/qq","14   Bs.-/Kilo","","27/05/2008"
"Frejol","Mantecoso","Cochabamba","640   Bs.-/qq","14   Bs.-/Kilo","","23/05/2008"
"Frejol","Mantecoso","Cochabamba","480   Bs.-/qq","14   Bs.-/Kilo","","13/05/2008"
"Frejol","Mantecoso","Cochabamba","440   Bs.-/qq","14   Bs.-/Kilo","","12/05/2008"
"Frejol","Mantecoso","Cochabamba","360   Bs.-/qq","10   Bs.-/Kilo","","09/05/2008"
"Frejol","Mantecoso","Cochabamba","400   Bs.-/qq","14   Bs.-/Kilo","","08/05/2008"
"Frejol","Mantecoso","Cochabamba","440   Bs.-/qq","12   Bs.-/Kilo","","14/04/2008"
"Frejol","Negro","Cochabamba","400   Bs.-/qq","10   Bs.-/Kilo","","20/06/2008"
"Frejol","Negro","Cochabamba","340   Bs.-/qq","8   Bs.-/Kilo","","11/06/2008"
"Frejol","Negro","Cochabamba","340   Bs.-/qq","8   Bs.-/Kilo","","10/06/2008"
"Frejol","Negro","Cochabamba","340   Bs.-/qq","8   Bs.-/Kilo","","04/06/2008"
"Frejol","Negro","Valles Cruceños","400   Bs.-/qq","10   Bs.-/Kilo","","03/06/2008"
"Frejol","Negro","Cochabamba","400   Bs.-/qq","9   Bs.-/Kilo","","02/06/2008"
"Frejol","Negro","Valles Cruceños","400   Bs.-/qq","9   Bs.-/Kilo","","28/05/2008"
"Frejol","Negro","Cochabamba","400   Bs.-/qq","9   Bs.-/Kilo","","27/05/2008"
"Frejol","Negro","Cochabamba","400   Bs.-/qq","10   Bs.-/Kilo","","23/05/2008"
"Frejol","Negro","Cochabamba","360   Bs.-/qq","9   Bs.-/Kilo","","13/05/2008"
"Frejol","Negro","Cochabamba","400   Bs.-/qq","10   Bs.-/Kilo","","12/05/2008"
"Frejol","Negro","Cochabamba","360   Bs.-/qq","8   Bs.-/Kilo","","09/05/2008"
"Frejol","Negro","Cochabamba","360   Bs.-/qq","10   Bs.-/Kilo","","08/05/2008"
"Frejol","Negro","Cochabamba","360   Bs.-/qq","9   Bs.-/Kilo","","14/04/2008"
"Frutilla","Sweet Charlie","Comarapa","11   Bs.-/Kilo","12   Bs.-/Kilo","Frutilla grande","20/06/2008"
"Frutilla","Sweet Charlie","Comarapa","10   Bs.-/Kilo","12   Bs.-/Kilo","Frutilla grande","11/06/2008"
"Frutilla","Sweet Charlie","Comarapa","10   Bs.-/Kilo","12   Bs.-/Kilo","Frutilla grande","10/06/2008"
"Frutilla","Sweet Charlie","Comarapa","10   Bs.-/Kilo","12   Bs.-/Kilo","Frutilla grande","04/06/2008"
"Frutilla","Sweet Charlie","Comarapa","10   Bs.-/Kilo","12   Bs.-/Kilo","","03/06/2008"
"Frutilla","Sweet Charlie","Comarapa","10   Bs.-/Kilo","12   Bs.-/Kilo","","02/06/2008"
"Frutilla","Sweet Charlie","Comarapa","12   Bs.-/Kilo","15   Bs.-/Kilo","","28/05/2008"
"Frutilla","Sweet Charlie","Comarapa","12   Bs.-/Kilo","15   Bs.-/Kilo","","27/05/2008"
"Frutilla","Sweet Charlie","Comarapa","9   Bs.-/Kilo","12   Bs.-/Kilo","","23/05/2008"
"Frutilla","Sweet Charlie","Comarapa","7   Bs.-/Kilo","9   Bs.-/Kilo","","14/04/2008"
"Haba","Comun (en vaina)","Cochabamba","70   Bs.-/Bolsa (2@)","6   Bs.-/3 Libras","","20/06/2008"
"Haba","Comun (en vaina)","Cochabamba","80   Bs.-/Bolsa (2@)","6   Bs.-/3 Libras","","11/06/2008"
"Haba","Comun (en vaina)","Cochabamba","90   Bs.-/Bolsa (2@)","6   Bs.-/3 Libras","","10/06/2008"
"Haba","Comun (en vaina)","Cochabamba","75   Bs.-/Bolsa (2@)","6   Bs.-/3 Libras","","04/06/2008"
"Haba","Comun (en vaina)","Cochabamba","70   Bs.-/Bolsa (2@)","6   Bs.-/3 Libras","","03/06/2008"
"Haba","Comun (en vaina)","Los Negros","70   Bs.-/Bolsa (2@)","6   Bs.-/3 Libras","","02/06/2008"
"Haba","Comun (en vaina)","Los Negros","50   Bs.-/Bolsa (2@)","3   Bs.-/3 Libras","","12/05/2008"
"Haba","Comun (en vaina)","Los Negros","50   Bs.-/Bolsa (2@)","3   Bs.-/3 Libras","","09/05/2008"
"Haba","Comun (en vaina)","Cochabamba","56   Bs.-/Bolsa (2@)","3   Bs.-/3 Libras","","08/05/2008"
"Huevo","Criollo","Valles Cruceños","54   Bs.-/100 U.","56   Bs.-/100 U.","Huevo peque?o","02/06/2008"
"Huevo","de Granja","Cruceño","54   Bs.-/100 U.","56   Bs.-/100 U.","","20/06/2008"
"Huevo","de Granja","San juan","54   Bs.-/100 U.","56   Bs.-/100 U.","Huevo mediano","11/06/2008"
"Huevo","de Granja","San juan","54   Bs.-/100 U.","56   Bs.-/100 U.","","10/06/2008"
"Huevo","de Granja","San juan","52   Bs.-/100 U.","56   Bs.-/100 U.","Huevo mediano","04/06/2008"
"Huevo","de Granja","San juan","54   Bs.-/100 U.","56   Bs.-/100 U.","Huevo mediano","03/06/2008"
"Huevo","de Granja","San juan","52   Bs.-/100 U.","56   Bs.-/100 U.","Huevo mediano","28/05/2008"
"Huevo","de Granja","San juan","54   Bs.-/100 U.","56   Bs.-/100 U.","Huevo mediano","27/05/2008"
"Huevo","de Granja","San juan","54   Bs.-/100 U.","56   Bs.-/100 U.","Huevo mediano","23/05/2008"
"Huevo","de Granja","San juan","50   Bs.-/100 U.","54   Bs.-/100 U.","","13/05/2008"
"Huevo","de Granja","San juan","52   Bs.-/100 U.","56   Bs.-/100 U.","","12/05/2008"
"Huevo","de Granja","San juan","50   Bs.-/100 U.","56   Bs.-/100 U.","","09/05/2008"
"Huevo","de Granja","San juan","48   Bs.-/100 U.","52   Bs.-/100 U.","","08/05/2008"
"Huevo","de Granja","San juan","48   Bs.-/100 U.","52   Bs.-/100 U.","Huevo mediano","14/04/2008"
"Lechuga","Crespa","Los Negros","20   Bs.-/Canasta","1   Bs.-/Unidad","","20/06/2008"
"Lechuga","Crespa","Los Negros","35   Bs.-/Canasta","1   Bs.-/Unidad","","11/06/2008"
"Lechuga","Crespa","Los Negros","30   Bs.-/Canasta","1   Bs.-/Unidad","Planta grande","10/06/2008"
"Lechuga","Crespa","Los Negros","40   Bs.-/Canasta","1   Bs.-/Unidad","","04/06/2008"
"Lechuga","Crespa","Los Negros","40   Bs.-/Canasta","2   Bs.-/Unidad","Planta grande","03/06/2008"
"Lechuga","Crespa","Los Negros","80   Bs.-/Canasta","2   Bs.-/Unidad","Planta grande","02/06/2008"
"Lechuga","Crespa","Los Negros","120   Bs.-/Canasta","3   Bs.-/Unidad","Planta grande","27/05/2008"
"Lechuga","Crespa","Los Negros","100   Bs.-/Canasta","2   Bs.-/Unidad","Planta mediana","23/05/2008"
"Lechuga","Crespa","Los Negros","70   Bs.-/Canasta","2   Bs.-/Unidad","","13/05/2008"
"Lechuga","Crespa","Los Negros","70   Bs.-/Canasta","2   Bs.-/Unidad","","12/05/2008"
"Lechuga","Crespa","Los Negros","80   Bs.-/Canasta","2   Bs.-/Unidad","","09/05/2008"
"Lechuga","Crespa","Los Negros","40   Bs.-/Canasta","1   Bs.-/Unidad","","08/05/2008"
"Lechuga","Crespa","Los Negros","70   Bs.-/Canasta","2   Bs.-/Unidad","Repollo grande","14/04/2008"
"Lechuga","Escarola","Los Negros","60   Bs.-/Canasta","3   Bs.-/Unidad","","20/06/2008"
"Lechuga","Escarola","Los Negros","60   Bs.-/Canasta","3   Bs.-/Unidad","","11/06/2008"
"Lechuga","Escarola","Los Negros","60   Bs.-/Canasta","4   Bs.-/Unidad","","10/06/2008"
"Lechuga","Escarola","Los Negros","65   Bs.-/Canasta","3   Bs.-/Unidad","","04/06/2008"
"Lechuga","Escarola","Los Negros","60   Bs.-/Canasta","3   Bs.-/Unidad","","03/06/2008"
"Lechuga","Escarola","Los Negros","90   Bs.-/Canasta","3   Bs.-/Unidad","","02/06/2008"
"Lechuga","Escarola","Los Negros","90   Bs.-/Canasta","2   Bs.-/Unidad","","28/05/2008"
"Lechuga","Escarola","Los Negros","80   Bs.-/Canasta","2   Bs.-/Unidad","","27/05/2008"
"Lechuga","Escarola","Los Negros","70   Bs.-/Canasta","3   Bs.-/Unidad","","12/05/2008"
"Lechuga","Escarola","Los Negros","90   Bs.-/Canasta","3   Bs.-/Unidad","","09/05/2008"
"Lechuga","Escarola","Los Negros","60   Bs.-/Canasta","2   Bs.-/Unidad","","08/05/2008"
"Lechuga","Morada","Los Negros","45   Bs.-/Canasta","1   Bs.-/Unidad","","20/06/2008"
"Lechuga","Morada","Los Negros","60   Bs.-/Canasta","2   Bs.-/Unidad","","11/06/2008"
"Lechuga","Morada","Los Negros","50   Bs.-/Canasta","1   Bs.-/Unidad","","10/06/2008"
"Lechuga","Morada","Los Negros","70   Bs.-/Canasta","2   Bs.-/Unidad","","04/06/2008"
"Lechuga","Morada","Los Negros","90   Bs.-/Canasta","2   Bs.-/Unidad","","03/06/2008"
"Lechuga","Morada","Los Negros","80   Bs.-/Canasta","2   Bs.-/Unidad","","02/06/2008"
"Lechuga","Morada","Los Negros","100   Bs.-/Canasta","3   Bs.-/Unidad","","28/05/2008"
"Lechuga","Morada","Los Negros","100   Bs.-/Canasta","2   Bs.-/Unidad","","27/05/2008"
"Lechuga","Morada","Los Negros","90   Bs.-/Canasta","2   Bs.-/Unidad","Planta peque?a","23/05/2008"
"Lechuga","Morada","Los Negros","70   Bs.-/Canasta","2   Bs.-/Unidad","","13/05/2008"
"Lechuga","Morada","Los Negros","75   Bs.-/Canasta","3   Bs.-/Unidad","","12/05/2008"
"Lechuga","Morada","Los Negros","60   Bs.-/Canasta","3   Bs.-/Unidad","","09/05/2008"
"Lechuga","Morada","Los Negros","45   Bs.-/Canasta","1   Bs.-/Unidad","","08/05/2008"
"Lechuga","Morada","Los Negros","70   Bs.-/Canasta","2   Bs.-/Unidad","","14/04/2008"
"Lima","Criolla","Chapare","16   Bs.-/100 U.","5   Bs.-/25 U.","","20/06/2008"
"Lima","Criolla","Chapare","12   Bs.-/100 U.","4   Bs.-/25 U.","","11/06/2008"
"Lima","Criolla","Chapare","12   Bs.-/100 U.","4   Bs.-/25 U.","","10/06/2008"
"Limon","Amarillo","Cruceño","20   Bs.-/100 U.","6   Bs.-/25 U.","Lim?n amarillo grande","20/06/2008"
"Limon","Amarillo","Cruceño","24   Bs.-/100 U.","7   Bs.-/25 U.","Lim?n amarillo grande","11/06/2008"
"Limon","Amarillo","Cruceño","24   Bs.-/100 U.","7   Bs.-/25 U.","Lim?n amarillo grande","10/06/2008"
"Limon","Amarillo","Cruceño","8   Bs.-/100 U.","3   Bs.-/25 U.","","04/06/2008"
"Locoto","Cochabambino","Los Negros","35   Bs.-/Arroba (@)","6   Bs.-/3 Libras","","20/06/2008"
"Locoto","Cochabambino","Los Negros","30   Bs.-/Arroba (@)","3   Bs.-/3 Libras","","11/06/2008"
"Locoto","Cochabambino","Los Negros","30   Bs.-/Arroba (@)","3   Bs.-/3 Libras","","10/06/2008"
"Locoto","Cochabambino","Los Negros","40   Bs.-/Arroba (@)","6   Bs.-/3 Libras","","04/06/2008"
"Locoto","Cochabambino","Cochabamba","38   Bs.-/Arroba (@)","6   Bs.-/3 Libras","","03/06/2008"
"Locoto","Cochabambino","Cochabamba","120   Bs.-/Arroba (@)","9   Bs.-/3 Libras","","02/06/2008"
"Locoto","Cochabambino","Cochabamba","30   Bs.-/Arroba (@)","3   Bs.-/3 Libras","","12/05/2008"
"Locoto","Cochabambino","Los Negros","30   Bs.-/Arroba (@)","15   Bs.-/3 Libras","","09/05/2008"
"Locoto","Cochabambino","Los Negros","35   Bs.-/Arroba (@)","12   Bs.-/3 Libras","","08/05/2008"
"Maiz","Blanco","Cochabamba","380   Bs.-/qq","9   Bs.-/Kilo","Grano grande","20/06/2008"
"Maiz","Blanco","Cochabamba","340   Bs.-/qq","7   Bs.-/Kilo","","11/06/2008"
"Maiz","Blanco","Cochabamba","340   Bs.-/qq","7   Bs.-/Kilo","","10/06/2008"
"Maiz","Blanco","Cochabamba","400   Bs.-/qq","9   Bs.-/Kilo","","04/06/2008"
"Maiz","Blanco","Cochabamba","400   Bs.-/qq","9   Bs.-/Kilo","Grano grande","03/06/2008"
"Maiz","Blanco","Cochabamba","400   Bs.-/qq","10   Bs.-/Kilo","Grano grande","02/06/2008"
"Maiz","Blanco","Cochabamba","400   Bs.-/qq","10   Bs.-/Kilo","","28/05/2008"
"Maiz","Blanco","Cochabamba","480   Bs.-/qq","10   Bs.-/Kilo","Grano grande","27/05/2008"
"Maiz","Blanco","Cochabamba","400   Bs.-/qq","10   Bs.-/Kilo","","23/05/2008"
"Maiz","Blanco","Cochabamba","320   Bs.-/qq","7   Bs.-/Kilo","","13/05/2008"
"Maiz","Blanco","Cochabamba","360   Bs.-/qq","9   Bs.-/Kilo","","12/05/2008"
"Maiz","Blanco","Cochabamba","360   Bs.-/qq","10   Bs.-/Kilo","","09/05/2008"
"Maiz","Blanco","Cochabamba","280   Bs.-/qq","9   Bs.-/Kilo","","08/05/2008"
"Maiz","Blanco","Cochabamba","280   Bs.-/qq","7   Bs.-/Kilo","Grano peque?o","14/04/2008"
"Maiz","Blanco pelado","Cochabamba","360   Bs.-/qq","9   Bs.-/Kilo","","20/06/2008"
"Maiz","Blanco pelado","Cochabamba","400   Bs.-/qq","9   Bs.-/Kilo","","11/06/2008"
"Maiz","Blanco pelado","Cochabamba","400   Bs.-/qq","9   Bs.-/Kilo","","10/06/2008"
"Maiz","Blanco pelado","Cochabamba","400   Bs.-/qq","9   Bs.-/Kilo","","04/06/2008"
"Maiz","Blanco pelado","Cochabamba","380   Bs.-/qq","9   Bs.-/Kilo","","03/06/2008"
"Maiz","Blanco pelado","Cochabamba","380   Bs.-/qq","9   Bs.-/Kilo","","02/06/2008"
"Maiz","Blanco pelado","Cochabamba","360   Bs.-/qq","9   Bs.-/Kilo","","28/05/2008"
"Maiz","Blanco pelado","Cochabamba","400   Bs.-/qq","9   Bs.-/Kilo","","27/05/2008"
"Maiz","Blanco pelado","Cochabamba","380   Bs.-/qq","9   Bs.-/Kilo","","23/05/2008"
"Maiz","Blanco pelado","Cochabamba","280   Bs.-/qq","6   Bs.-/Kilo","","13/05/2008"
"Maiz","Blanco pelado","Cochabamba","360   Bs.-/qq","9   Bs.-/Kilo","","12/05/2008"
"Maiz","Blanco pelado","Cochabamba","320   Bs.-/qq","8   Bs.-/Kilo","","09/05/2008"
"Maiz","Blanco pelado","Cochabamba","260   Bs.-/qq","9   Bs.-/Kilo","","08/05/2008"
"Maiz","Blanco pelado","Cochabamba","260   Bs.-/qq","6   Bs.-/Kilo","","14/04/2008"
"Maiz","Choclo","Cochabamba","180   Bs.-/100 U.","20   Bs.-/Docena","Choclo grande","20/06/2008"
"Maiz","Choclo","Cochabamba","95   Bs.-/100 U.","12   Bs.-/Docena","Choclo grande","11/06/2008"
"Maiz","Choclo","Cochabamba","95   Bs.-/100 U.","12   Bs.-/Docena","Choclo grande","10/06/2008"
"Maiz","Choclo","Cochabamba","95   Bs.-/100 U.","10   Bs.-/Docena","Choclo peque?o","04/06/2008"
"Maiz","Choclo","Cochabamba","90   Bs.-/100 U.","10   Bs.-/Docena","Choclo peque?o","03/06/2008"
"Maiz","Choclo","Cochabamba","90   Bs.-/100 U.","12   Bs.-/Docena","Choclo peque?o","02/06/2008"
"Maiz","Choclo","Cochabamba","95   Bs.-/100 U.","12   Bs.-/Docena","Choclo grande","28/05/2008"
"Maiz","Choclo","Cochabamba","85   Bs.-/100 U.","10   Bs.-/Docena","Choclo peque?o","27/05/2008"
"Maiz","Choclo","Cochabamba","85   Bs.-/100 U.","10   Bs.-/Docena","Choclo peque?o","23/05/2008"
"Maiz","Choclo","Valles Cruceños","90   Bs.-/100 U.","10   Bs.-/Docena","Choclo peque?o","09/05/2008"
"Maiz","Duro","Cochabamba","180   Bs.-/qq","4   Bs.-/Kilo","","20/06/2008"
"Maiz","Duro","Valles Cruceños","200   Bs.-/qq","5   Bs.-/Kilo","","11/06/2008"
"Maiz","Duro","Valles Cruceños","200   Bs.-/qq","5   Bs.-/Kilo","","10/06/2008"
"Maiz","Duro","Valles Cruceños","200   Bs.-/qq","5   Bs.-/Kilo","","04/06/2008"
"Maiz","Duro","Valles Cruceños","140   Bs.-/qq","3   Bs.-/Kilo","","03/06/2008"
"Maiz","Duro","Valles Cruceños","180   Bs.-/qq","5   Bs.-/Kilo","","02/06/2008"
"Maiz","Duro","Cochabamba","180   Bs.-/qq","5   Bs.-/Kilo","","28/05/2008"
"Maiz","Duro","Valles Cruceños","180   Bs.-/qq","5   Bs.-/Kilo","","27/05/2008"
"Maiz","Duro","Valles Cruceños","180   Bs.-/qq","5   Bs.-/Kilo","","23/05/2008"
"Maiz","Duro","Valles Cruceños","180   Bs.-/qq","5   Bs.-/Kilo","","12/05/2008"
"Maiz","Duro","Valles Cruceños","120   Bs.-/qq","3   Bs.-/Kilo","","09/05/2008"
"Maiz","Duro","Valles Cruceños","160   Bs.-/qq","4   Bs.-/Kilo","","08/05/2008"
"Maiz","Morocho (Culli)","Valles Cruceños","300   Bs.-/qq","7   Bs.-/Kilo","","20/06/2008"
"Maiz","Morocho (Culli)","Valles Cruceños","280   Bs.-/qq","7   Bs.-/Kilo","Maiz pelado peque?o","11/06/2008"
"Maiz","Morocho (Culli)","Valles Cruceños","280   Bs.-/qq","7   Bs.-/Kilo","Maiz pelado peque?o","10/06/2008"
"Maiz","Morocho (Culli)","Valles Cruceños","300   Bs.-/qq","7   Bs.-/Kilo","","04/06/2008"
"Maiz","Morocho (Culli)","Valles Cruceños","300   Bs.-/qq","7   Bs.-/Kilo","","03/06/2008"
"Maiz","Morocho (Culli)","Valles Cruceños","320   Bs.-/qq","8   Bs.-/Kilo","","02/06/2008"
"Maiz","Morocho (Culli)","Valles Cruceños","240   Bs.-/qq","7   Bs.-/Kilo","","28/05/2008"
"Maiz","Morocho (Culli)","Valles Cruceños","320   Bs.-/qq","7   Bs.-/Kilo","","27/05/2008"
"Maiz","Morocho (Culli)","Valles Cruceños","280   Bs.-/qq","8   Bs.-/Kilo","","23/05/2008"
"Maiz","Morocho (Culli)","Valles Cruceños","220   Bs.-/qq","5   Bs.-/Kilo","","13/05/2008"
"Maiz","Morocho (Culli)","Valles Cruceños","240   Bs.-/qq","7   Bs.-/Kilo","","12/05/2008"
"Maiz","Morocho (Culli)","Valles Cruceños","320   Bs.-/qq","9   Bs.-/Kilo","","09/05/2008"
"Maiz","Morocho (Culli)","Valles Cruceños","200   Bs.-/qq","7   Bs.-/Kilo","","08/05/2008"
"Maiz","Morocho (Culli)","Valles Cruceños","220   Bs.-/qq","5   Bs.-/Kilo","","14/04/2008"
"Mandarina","Criolla","No determinado","25   Bs.-/100 U.","6   Bs.-/25 U.","","20/06/2008"
"Mandarina","Criolla","No determinado","20   Bs.-/100 U.","6   Bs.-/25 U.","","11/06/2008"
"Mandarina","Criolla","No determinado","20   Bs.-/100 U.","6   Bs.-/25 U.","","10/06/2008"
"Mandarina","Criolla","No determinado","20   Bs.-/100 U.","6   Bs.-/25 U.","","04/06/2008"
"Mandarina","Japonesa","No determinado","26   Bs.-/100 U.","7   Bs.-/25 U.","","20/06/2008"
"Mandarina","Japonesa","No determinado","24   Bs.-/100 U.","7   Bs.-/25 U.","","11/06/2008"
"Mandarina","Japonesa","No determinado","24   Bs.-/100 U.","7   Bs.-/25 U.","","10/06/2008"
"Mandarina","Japonesa","No determinado","24   Bs.-/100 U.","7   Bs.-/25 U.","","04/06/2008"
"Mani","Pelado","Valles Cruceños","180   Bs.-/Arroba (@)","16   Bs.-/Kilo","","20/06/2008"
"Mani","Pelado","Valles Cruceños","180   Bs.-/Arroba (@)","16   Bs.-/Kilo","","11/06/2008"
"Mani","Pelado","Valles Cruceños","180   Bs.-/Arroba (@)","16   Bs.-/Kilo","","10/06/2008"
"Mani","Pelado","Valles Cruceños","180   Bs.-/Arroba (@)","16   Bs.-/Kilo","","04/06/2008"
"Mani","Pelado","Cochabamba","180   Bs.-/Arroba (@)","16   Bs.-/Kilo","","03/06/2008"
"Mani","Pelado","Cochabamba","200   Bs.-/Arroba (@)","17   Bs.-/Kilo","","02/06/2008"
"Mani","Pelado","Cochabamba","200   Bs.-/Arroba (@)","18   Bs.-/Kilo","","28/05/2008"
"Mani","Pelado","Cochabamba","200   Bs.-/Arroba (@)","18   Bs.-/Kilo","","27/05/2008"
"Mani","Pelado","Cochabamba","165   Bs.-/Arroba (@)","16   Bs.-/Kilo","","23/05/2008"
"Mani","Pelado","Cochabamba","170   Bs.-/Arroba (@)","16   Bs.-/Kilo","","13/05/2008"
"Mani","Pelado","Cochabamba","140   Bs.-/Arroba (@)","15   Bs.-/Kilo","","09/05/2008"
"Mani","Pelado","Cochabamba","180   Bs.-/Arroba (@)","16   Bs.-/Kilo","","14/04/2008"
"Mani","Rojo largo Desgranado","Cochabamba","640   Bs.-/qq","14   Bs.-/Kilo","","20/06/2008"
"Mani","Rojo largo Desgranado","Cochabamba","640   Bs.-/qq","14   Bs.-/Kilo","","11/06/2008"
"Mani","Rojo largo Desgranado","Valles Cruceños","640   Bs.-/qq","14   Bs.-/Kilo","","10/06/2008"
"Mani","Rojo largo Desgranado","Valles Cruceños","640   Bs.-/qq","14   Bs.-/Kilo","","04/06/2008"
"Mani","Rojo largo Desgranado","Cochabamba","640   Bs.-/qq","14   Bs.-/Kilo","","03/06/2008"
"Mani","Rojo largo Desgranado","Cochabamba","720   Bs.-/qq","16   Bs.-/Kilo","","02/06/2008"
"Mani","Rojo largo Desgranado","Cochabamba","720   Bs.-/qq","16   Bs.-/Kilo","","28/05/2008"
"Mani","Rojo largo Desgranado","Cochabamba","680   Bs.-/qq","16   Bs.-/Kilo","","27/05/2008"
"Mani","Rojo largo Desgranado","Cochabamba","640   Bs.-/qq","15   Bs.-/Kilo","","23/05/2008"
"Mani","Rojo largo Desgranado","Cochabamba","640   Bs.-/qq","15   Bs.-/Kilo","","13/05/2008"
"Mani","Rojo largo Desgranado","Cochabamba","600   Bs.-/qq","16   Bs.-/Kilo","","12/05/2008"
"Mani","Rojo largo Desgranado","Cochabamba","600   Bs.-/qq","16   Bs.-/Kilo","","09/05/2008"
"Mani","Rojo largo Desgranado","Valles Cruceños","480   Bs.-/qq","16   Bs.-/Kilo","","08/05/2008"
"Mani","Rojo largo Desgranado","Cochabamba","680   Bs.-/qq","15   Bs.-/Kilo","","14/04/2008"
"Manzana","Lanin royal","Argentina","150   Bs.-/Caja de 150U.","1   Bs.-/Unidad","Manzana grande","20/06/2008"
"Manzana","Lanin royal","Argentina","140   Bs.-/Caja de 150U.","1   Bs.-/Unidad","Manzana grande","11/06/2008"
"Manzana","Lanin royal","Argentina","140   Bs.-/Caja de 150U.","1   Bs.-/Unidad","Manzana mediana","10/06/2008"
"Manzana","Lanin royal","Argentina","140   Bs.-/Caja de 150U.","1   Bs.-/Unidad","","04/06/2008"
"Manzana","Lanin royal","Argentina","130   Bs.-/Caja de 150U.","1   Bs.-/Unidad","Manzana grande","03/06/2008"
"Manzana","Lanin royal","Argentina","130   Bs.-/Caja de 150U.","1   Bs.-/Unidad","Manzana grande","02/06/2008"
"Manzana","Lanin royal","Argentina","130   Bs.-/Caja de 150U.","1   Bs.-/Unidad","Manzana grande","28/05/2008"
"Manzana","Lanin royal","Argentina","135   Bs.-/Caja de 150U.","1   Bs.-/Unidad","Manzana grande","27/05/2008"
"Manzana","Lanin royal","Argentina","140   Bs.-/Caja de 150U.","1   Bs.-/Unidad","","12/05/2008"
"Manzana","Lanin royal","Argentina","140   Bs.-/Caja de 150U.","1   Bs.-/Unidad","","09/05/2008"
"Manzana","Lanin royal","Argentina","150   Bs.-/Caja de 150U.","1   Bs.-/Unidad","","08/05/2008"
"Oca","Amarilla","Cochabamba","25   Bs.-/Arroba (@)","3   Bs.-/3 Libras","","20/06/2008"
"Oca","Amarilla","Cochabamba","35   Bs.-/Arroba (@)","6   Bs.-/3 Libras","Oca grande","11/06/2008"
"Oca","Amarilla","Cochabamba","38   Bs.-/Arroba (@)","6   Bs.-/3 Libras","Oca grande","10/06/2008"
"Oca","Amarilla","Cochabamba","25   Bs.-/Arroba (@)","3   Bs.-/3 Libras","Oca grande","04/06/2008"
"Oca","Amarilla","Cochabamba","25   Bs.-/Arroba (@)","3   Bs.-/3 Libras","","03/06/2008"
"Oca","Amarilla","Cochabamba","30   Bs.-/Arroba (@)","3   Bs.-/3 Libras","","02/06/2008"
"Oca","Amarilla","Cochabamba","22   Bs.-/Arroba (@)","3   Bs.-/3 Libras","","23/05/2008"
"Oca","Amarilla","Cochabamba","25   Bs.-/Arroba (@)","3   Bs.-/3 Libras","","12/05/2008"
"Oca","Amarilla","Cochabamba","25   Bs.-/Arroba (@)","3   Bs.-/3 Libras","","09/05/2008"
"Oca","Amarilla","Cochabamba","30   Bs.-/Arroba (@)","12   Bs.-/3 Libras","","08/05/2008"
"Oca","Negra","Cochabamba","30   Bs.-/Arroba (@)","3   Bs.-/3 Libras","","04/06/2008"
"Oca","Negra","Cochabamba","30   Bs.-/Arroba (@)","3   Bs.-/3 Libras","","03/06/2008"
"Oca","Negra","Cochabamba","35   Bs.-/Arroba (@)","6   Bs.-/3 Libras","","02/06/2008"
"Oca","Negra","Cochabamba","30   Bs.-/Arroba (@)","3   Bs.-/3 Libras","","12/05/2008"
"Oca","Negra","Cochabamba","25   Bs.-/Arroba (@)","3   Bs.-/3 Libras","","09/05/2008"
"Oca","Negra","Cochabamba","25   Bs.-/Arroba (@)","12   Bs.-/3 Libras","","08/05/2008"
"Papa","Desiree (Holandesa)","Valles Cruceños","340   Bs.-/Bolsa (10@)","36   Bs.-/Arroba (@)","","20/06/2008"
"Papa","Desiree (Holandesa)","Valles Cruceños","380   Bs.-/Bolsa (10@)","40   Bs.-/Arroba (@)","","11/06/2008"
"Papa","Desiree (Holandesa)","Los Negros","380   Bs.-/Bolsa (10@)","40   Bs.-/Arroba (@)","","10/06/2008"
"Papa","Desiree (Holandesa)","Los Negros","350   Bs.-/Bolsa (10@)","37   Bs.-/Arroba (@)","","04/06/2008"
"Papa","Desiree (Holandesa)","Valles Cruceños","370   Bs.-/Bolsa (10@)","40   Bs.-/Arroba (@)","","03/06/2008"
"Papa","Desiree (Holandesa)","Valles Cruceños","360   Bs.-/Bolsa (10@)","38   Bs.-/Arroba (@)","","02/06/2008"
"Papa","Desiree (Holandesa)","Cochabamba","360   Bs.-/Bolsa (10@)","38   Bs.-/Arroba (@)","","28/05/2008"
"Papa","Desiree (Holandesa)","Cochabamba","350   Bs.-/Bolsa (10@)","38   Bs.-/Arroba (@)","","27/05/2008"
"Papa","Desiree (Holandesa)","Vallegrande","350   Bs.-/Bolsa (10@)","38   Bs.-/Arroba (@)","","23/05/2008"
"Papa","Desiree (Holandesa)","Comarapa","310   Bs.-/Bolsa (10@)","34   Bs.-/Arroba (@)","","13/05/2008"
"Papa","Desiree (Holandesa)","Vallegrande","310   Bs.-/Bolsa (10@)","34   Bs.-/Arroba (@)","","12/05/2008"
"Papa","Desiree (Holandesa)","Valles Cruceños","300   Bs.-/Bolsa (10@)","33   Bs.-/Arroba (@)","","09/05/2008"
"Papa","Desiree (Holandesa)","Los Negros","300   Bs.-/Bolsa (10@)","34   Bs.-/Arroba (@)","","08/05/2008"
"Papa","Desiree (Holandesa)","Vallegrande","300   Bs.-/Bolsa (10@)","35   Bs.-/Arroba (@)","","14/04/2008"
"Papa","Romano","Cochabamba","320   Bs.-/Bolsa (10@)","34   Bs.-/Arroba (@)","","20/06/2008"
"Papa","Romano","Cochabamba","360   Bs.-/Bolsa (10@)","38   Bs.-/Arroba (@)","","11/06/2008"
"Papa","Romano","Saipina","380   Bs.-/Bolsa (10@)","39   Bs.-/Arroba (@)","","10/06/2008"
"Papa","Romano","Saipina","390   Bs.-/Bolsa (10@)","40   Bs.-/Arroba (@)","","04/06/2008"
"Papa","Romano","Cochabamba","380   Bs.-/Bolsa (10@)","40   Bs.-/Arroba (@)","","03/06/2008"
"Papa","Romano","Cochabamba","340   Bs.-/Bolsa (10@)","35   Bs.-/Arroba (@)","","02/06/2008"
"Papa","Romano","Los Negros","350   Bs.-/Bolsa (10@)","36   Bs.-/Arroba (@)","","28/05/2008"
"Papa","Romano","Los Negros","330   Bs.-/Bolsa (10@)","36   Bs.-/Arroba (@)","","27/05/2008"
"Papa","Romano","Los Negros","320   Bs.-/Bolsa (10@)","34   Bs.-/Arroba (@)","","23/05/2008"
"Papa","Romano","Chapare","300   Bs.-/Bolsa (10@)","32   Bs.-/Arroba (@)","","13/05/2008"
"Papa","Romano","Los Negros","320   Bs.-/Bolsa (10@)","35   Bs.-/Arroba (@)","","12/05/2008"
"Papa","Romano","Saipina","360   Bs.-/Bolsa (10@)","38   Bs.-/Arroba (@)","","09/05/2008"
"Papa","Romano","Saipina","250   Bs.-/Bolsa (10@)","28   Bs.-/Arroba (@)","","08/05/2008"
"Papa","Romano","Los Negros","310   Bs.-/Bolsa (10@)","35   Bs.-/Arroba (@)","","14/04/2008"
"Papa","Waycha (Arinosa)","Chapare","380   Bs.-/Bolsa (10@)","42   Bs.-/Arroba (@)","","20/06/2008"
"Papa","Waycha (Arinosa)","Chapare","400   Bs.-/Bolsa (10@)","42   Bs.-/Arroba (@)","","11/06/2008"
"Papa","Waycha (Arinosa)","Cochabamba","400   Bs.-/Bolsa (10@)","43   Bs.-/Arroba (@)","","10/06/2008"
"Papa","Waycha (Arinosa)","Chapare","400   Bs.-/Bolsa (10@)","42   Bs.-/Arroba (@)","","04/06/2008"
"Papa","Waycha (Arinosa)","Chapare","400   Bs.-/Bolsa (10@)","42   Bs.-/Arroba (@)","En el mercado Abasto se oferta papa waicha peruana a 36 Bs la @","03/06/2008"
"Papa","Waycha (Arinosa)","Chapare","390   Bs.-/Bolsa (10@)","42   Bs.-/Arroba (@)","","02/06/2008"
"Papa","Waycha (Arinosa)","Chapare","370   Bs.-/Bolsa (10@)","40   Bs.-/Arroba (@)","","28/05/2008"
"Papa","Waycha (Arinosa)","Chapare","370   Bs.-/Bolsa (10@)","39   Bs.-/Arroba (@)","","27/05/2008"
"Papa","Waycha (Arinosa)","Chapare","380   Bs.-/Bolsa (10@)","42   Bs.-/Arroba (@)","","23/05/2008"
"Papa","Waycha (Arinosa)","Chapare","330   Bs.-/Bolsa (10@)","35   Bs.-/Arroba (@)","","13/05/2008"
"Papa","Waycha (Arinosa)","Chapare","340   Bs.-/Bolsa (10@)","36   Bs.-/Arroba (@)","","12/05/2008"
"Papa","Waycha (Arinosa)","Chapare","350   Bs.-/Bolsa (10@)","37   Bs.-/Arroba (@)","","09/05/2008"
"Papa","Waycha (Arinosa)","Chapare","320   Bs.-/Bolsa (10@)","36   Bs.-/Arroba (@)","","08/05/2008"
"Papa","Waycha (Arinosa)","Chapare","320   Bs.-/Bolsa (10@)","36   Bs.-/Arroba (@)","","14/04/2008"
"Papaliza","Amarilla","Cochabamba","30   Bs.-/Arroba (@)","3   Bs.-/3 Libras","","20/06/2008"
"Papaliza","Amarilla","Cochabamba","30   Bs.-/Arroba (@)","3   Bs.-/3 Libras","","11/06/2008"
"Papaliza","Amarilla","Cochabamba","30   Bs.-/Arroba (@)","3   Bs.-/3 Libras","","10/06/2008"
"Papaliza","Amarilla","Cochabamba","30   Bs.-/Arroba (@)","6   Bs.-/3 Libras","Papaliza grande","04/06/2008"
"Papaliza","Amarilla","Cochabamba","25   Bs.-/Arroba (@)","3   Bs.-/3 Libras","","03/06/2008"
"Papaliza","Amarilla","Cochabamba","35   Bs.-/Arroba (@)","6   Bs.-/3 Libras","","02/06/2008"
"Papaliza","Amarilla","Cochabamba","30   Bs.-/Arroba (@)","3   Bs.-/3 Libras","","12/05/2008"
"Papaliza","Amarilla","Cochabamba","23   Bs.-/Arroba (@)","3   Bs.-/3 Libras","","09/05/2008"
"Papaliza","Amarilla","Cochabamba","30   Bs.-/Arroba (@)","12   Bs.-/3 Libras","","08/05/2008"
"Pepino","Comun","Los Negros","25   Bs.-/Arroba (@)","3   Bs.-/3 Libras","","20/06/2008"
"Pepino","Comun","Los Negros","30   Bs.-/Arroba (@)","6   Bs.-/3 Libras","","11/06/2008"
"Pepino","Comun","Los Negros","25   Bs.-/Arroba (@)","6   Bs.-/3 Libras","","10/06/2008"
"Pepino","Comun","Los Negros","20   Bs.-/Arroba (@)","3   Bs.-/3 Libras","","04/06/2008"
"Pimenton","4 Puntas","Los Negros","150   Bs.-/Bolsa Grande","14   Bs.-/Docena","Pimenton grande","20/06/2008"
"Pimenton","4 Puntas","Los Negros","150   Bs.-/Bolsa Grande","14   Bs.-/Docena","Pimenton grande","11/06/2008"
"Pimenton","4 Puntas","Los Negros","145   Bs.-/Bolsa Grande","8   Bs.-/Docena","Pimenton mediano","10/06/2008"
"Pimenton","4 Puntas","Los Negros","150   Bs.-/Bolsa Grande","8   Bs.-/Docena","","04/06/2008"
"Pimenton","4 Puntas","Los Negros","150   Bs.-/Bolsa Grande","8   Bs.-/Docena","Pimenton grande","03/06/2008"
"Pimenton","4 Puntas","Los Negros","160   Bs.-/Bolsa Grande","10   Bs.-/Docena","Pimenton mediano","02/06/2008"
"Pimenton","4 Puntas","Los Negros","160   Bs.-/Bolsa Grande","9   Bs.-/Docena","Pimenton grande","28/05/2008"
"Pimenton","4 Puntas","Los Negros","150   Bs.-/Bolsa Grande","8   Bs.-/Docena","Pimenton Grande","27/05/2008"
"Pimenton","4 Puntas","Los Negros","170   Bs.-/Bolsa Grande","14   Bs.-/Docena","Pimenton grande","23/05/2008"
"Pimenton","4 Puntas","Los Negros","180   Bs.-/Bolsa Grande","20   Bs.-/Docena","Pimenton grande","13/05/2008"
"Pimenton","4 Puntas","Los Negros","160   Bs.-/Bolsa Grande","10   Bs.-/Docena","Pimenton Grande","12/05/2008"
"Pimenton","4 Puntas","Los Negros","70   Bs.-/Bolsa Grande","8   Bs.-/Docena","Pimenton Grande","09/05/2008"
"Pimenton","4 Puntas","Los Negros","170   Bs.-/Bolsa Grande","15   Bs.-/Docena","Pimenton Grande","08/05/2008"
"Pimenton","4 Puntas","Los Negros","170   Bs.-/Bolsa Grande","10   Bs.-/Docena","Pimenton mediano","14/04/2008"
"Pollo","Granja","Cruceño","12   Bs.-/Kilo","12   Bs.-/Kilo","","20/06/2008"
"Pollo","Granja","Cruceño","13   Bs.-/Kilo","13   Bs.-/Kilo","","11/06/2008"
"Pollo","Granja","Cruceño","13   Bs.-/Kilo","13   Bs.-/Kilo","","10/06/2008"
"Pollo","Granja","Cruceño","13   Bs.-/Kilo","14   Bs.-/Kilo","","04/06/2008"
"Pollo","Granja","Cruceño","14   Bs.-/Kilo","14   Bs.-/Kilo","","03/06/2008"
"Pollo","Granja","Cruceño","13   Bs.-/Kilo","14   Bs.-/Kilo","","02/06/2008"
"Pollo","Granja","Cruceño","13   Bs.-/Kilo","14   Bs.-/Kilo","","27/05/2008"
"Pollo","Granja","Cruceño","13   Bs.-/Kilo","14   Bs.-/Kilo","","23/05/2008"
"Pollo","Granja","Cruceño","10   Bs.-/Kilo","12   Bs.-/Kilo","","12/05/2008"
"Pollo","Granja","Cruceño","11   Bs.-/Kilo","13   Bs.-/Kilo","","09/05/2008"
"Pollo","Granja","Cruceño","10   Bs.-/Kilo","10   Bs.-/Kilo","","08/05/2008"
"Repollo","Hibrido","Los Negros","9   Bs.-/Unidad","10   Bs.-/Unidad","Repollo grande","20/06/2008"
"Repollo","Hibrido","Los Negros","4   Bs.-/Unidad","6   Bs.-/Unidad","Repollo peque?o","11/06/2008"
"Repollo","Hibrido","Los Negros","6   Bs.-/Unidad","8   Bs.-/Unidad","","10/06/2008"
"Repollo","Hibrido","Los Negros","7   Bs.-/Unidad","9   Bs.-/Unidad","Repollo grande","04/06/2008"
"Repollo","Hibrido","Los Negros","7   Bs.-/Unidad","10   Bs.-/Unidad","","03/06/2008"
"Repollo","Hibrido","Los Negros","8   Bs.-/Unidad","10   Bs.-/Unidad","Repollo grande","02/06/2008"
"Repollo","Hibrido","Los Negros","6   Bs.-/Unidad","8   Bs.-/Unidad","","28/05/2008"
"Repollo","Hibrido","Los Negros","8   Bs.-/Unidad","10   Bs.-/Unidad","Repollo grande","27/05/2008"
"Repollo","Hibrido","Los Negros","6   Bs.-/Unidad","8   Bs.-/Unidad","","23/05/2008"
"Repollo","Hibrido","Los Negros","6   Bs.-/Unidad","8   Bs.-/Unidad","","13/05/2008"
"Repollo","Hibrido","Los Negros","3   Bs.-/Unidad","5   Bs.-/Unidad","","12/05/2008"
"Repollo","Hibrido","Los Negros","2   Bs.-/Unidad","4   Bs.-/Unidad","","09/05/2008"
"Repollo","Hibrido","Los Negros","2   Bs.-/Unidad","5   Bs.-/Unidad","","08/05/2008"
"Repollo","Hibrido","Los Negros","6   Bs.-/Unidad","8   Bs.-/Unidad","Planta grande","14/04/2008"
"Tomate","Manzana","Los Negros","50   Bs.-/Caja de 18 Kg","4   Bs.-/Kilo","","20/06/2008"
"Tomate","Manzana","Los Negros","50   Bs.-/Caja de 18 Kg","5   Bs.-/Kilo","","11/06/2008"
"Tomate","Manzana","Los Negros","50   Bs.-/Caja de 18 Kg","5   Bs.-/Kilo","","10/06/2008"
"Tomate","Manzana","Los Negros","45   Bs.-/Caja de 18 Kg","3   Bs.-/Kilo","","04/06/2008"
"Tomate","Manzana","Los Negros","45   Bs.-/Caja de 18 Kg","3   Bs.-/Kilo","","03/06/2008"
"Tomate","Manzana","Los Negros","65   Bs.-/Caja de 18 Kg","5   Bs.-/Kilo","","02/06/2008"
"Tomate","Manzana","Los Negros","55   Bs.-/Caja de 18 Kg","5   Bs.-/Kilo","","28/05/2008"
"Tomate","Manzana","Los Negros","70   Bs.-/Caja de 18 Kg","5   Bs.-/Kilo","","23/05/2008"
"Tomate","Manzana","Los Negros","70   Bs.-/Caja de 18 Kg","6   Bs.-/Kilo","","13/05/2008"
"Tomate","Manzana","Los Negros","70   Bs.-/Caja de 18 Kg","5   Bs.-/Kilo","","12/05/2008"
"Tomate","Manzana","Los Negros","28   Bs.-/Caja de 18 Kg","4   Bs.-/Kilo","","09/05/2008"
"Tomate","Manzana","Los Negros","85   Bs.-/Caja de 18 Kg","5   Bs.-/Kilo","","08/05/2008"
"Tomate","Manzana","Los Negros","75   Bs.-/Caja de 18 Kg","6   Bs.-/Kilo","","14/04/2008"
"Tomate","Pera","Los Negros","35   Bs.-/Caja de 18 Kg","2   Bs.-/Kilo","","20/06/2008"
"Tomate","Pera","Los Negros","40   Bs.-/Caja de 18 Kg","2   Bs.-/Kilo","","11/06/2008"
"Tomate","Pera","Los Negros","45   Bs.-/Caja de 18 Kg","3   Bs.-/Kilo","","10/06/2008"
"Tomate","Pera","Los Negros","28   Bs.-/Caja de 18 Kg","2   Bs.-/Kilo","","04/06/2008"
"Tomate","Pera","Los Negros","28   Bs.-/Caja de 18 Kg","3   Bs.-/Kilo","","03/06/2008"
"Tomate","Pera","Los Negros","50   Bs.-/Caja de 18 Kg","4   Bs.-/Kilo","","02/06/2008"
"Tomate","Pera","Los Negros","40   Bs.-/Caja de 18 Kg","4   Bs.-/Kilo","","28/05/2008"
"Tomate","Pera","Los Negros","70   Bs.-/Caja de 18 Kg","5   Bs.-/Kilo","","23/05/2008"
"Tomate","Pera","Los Negros","70   Bs.-/Caja de 18 Kg","5   Bs.-/Kilo","","13/05/2008"
"Tomate","Pera","Los Negros","60   Bs.-/Caja de 18 Kg","4   Bs.-/Kilo","","12/05/2008"
"Tomate","Pera","Los Negros","40   Bs.-/Caja de 18 Kg","3   Bs.-/Kilo","","09/05/2008"
"Tomate","Pera","Los Negros","75   Bs.-/Caja de 18 Kg","5   Bs.-/Kilo","","08/05/2008"
"Tomate","Pera","Los Negros","70   Bs.-/Caja de 18 Kg","5   Bs.-/Kilo","","14/04/2008"
"Trigo","Comun","Cochabamba","95   Bs.-/Arroba (@)","9   Bs.-/Kilo","","20/06/2008"
"Trigo","Comun","Cochabamba","85   Bs.-/Arroba (@)","8   Bs.-/Kilo","","11/06/2008"
"Trigo","Comun","Cochabamba","85   Bs.-/Arroba (@)","8   Bs.-/Kilo","","10/06/2008"
"Trigo","Comun","Cochabamba","85   Bs.-/Arroba (@)","8   Bs.-/Kilo","","04/06/2008"
"Trigo","Comun","Cochabamba","85   Bs.-/Arroba (@)","8   Bs.-/Kilo","","03/06/2008"
"Trigo","Comun","Cochabamba","85   Bs.-/Arroba (@)","8   Bs.-/Kilo","","02/06/2008"
"Trigo","Comun","Cochabamba","85   Bs.-/Arroba (@)","8   Bs.-/Kilo","","28/05/2008"
"Trigo","Comun","Cochabamba","100   Bs.-/Arroba (@)","9   Bs.-/Kilo","","27/05/2008"
"Trigo","Comun","Cochabamba","170   Bs.-/Arroba (@)","15   Bs.-/Kilo","","23/05/2008"
"Trigo","Comun","Cochabamba","65   Bs.-/Arroba (@)","6   Bs.-/Kilo","","13/05/2008"
"Trigo","Comun","Cochabamba","65   Bs.-/Arroba (@)","6   Bs.-/Kilo","","12/05/2008"
"Trigo","Comun","Cochabamba","60   Bs.-/Arroba (@)","6   Bs.-/Kilo","","09/05/2008"
"Trigo","Comun","Cochabamba","65   Bs.-/Arroba (@)","6   Bs.-/Kilo","","08/05/2008"
"Trigo","Comun","Cochabamba","170   Bs.-/Arroba (@)","15   Bs.-/Kilo","","14/04/2008"
"Trigo","Pelado o Curtido","Cochabamba","90   Bs.-/Arroba (@)","8   Bs.-/Kilo","","20/06/2008"
"Trigo","Pelado o Curtido","Cochabamba","70   Bs.-/Arroba (@)","7   Bs.-/Kilo","","11/06/2008"
"Trigo","Pelado o Curtido","Cochabamba","70   Bs.-/Arroba (@)","7   Bs.-/Kilo","","10/06/2008"
"Trigo","Pelado o Curtido","Cochabamba","70   Bs.-/Arroba (@)","7   Bs.-/Kilo","","04/06/2008"
"Trigo","Pelado o Curtido","Cochabamba","80   Bs.-/Arroba (@)","7   Bs.-/Kilo","","03/06/2008"
"Trigo","Pelado o Curtido","Cochabamba","80   Bs.-/Arroba (@)","7   Bs.-/Kilo","","02/06/2008"
"Trigo","Pelado o Curtido","Cochabamba","70   Bs.-/Arroba (@)","7   Bs.-/Kilo","","28/05/2008"
"Trigo","Pelado o Curtido","Cochabamba","80   Bs.-/Arroba (@)","7   Bs.-/Kilo","","27/05/2008"
"Trigo","Pelado o Curtido","Cochabamba","160   Bs.-/Arroba (@)","14   Bs.-/Kilo","","23/05/2008"
"Trigo","Pelado o Curtido","Cochabamba","65   Bs.-/Arroba (@)","6   Bs.-/Kilo","","13/05/2008"
"Trigo","Pelado o Curtido","Cochabamba","60   Bs.-/Arroba (@)","6   Bs.-/Kilo","","12/05/2008"
"Trigo","Pelado o Curtido","Cochabamba","60   Bs.-/Arroba (@)","7   Bs.-/Kilo","","09/05/2008"
"Trigo","Pelado o Curtido","Cochabamba","60   Bs.-/Arroba (@)","6   Bs.-/Kilo","","08/05/2008"
"Trigo","Pelado o Curtido","Cochabamba","175   Bs.-/Arroba (@)","16   Bs.-/Kilo","","14/04/2008"
"Vainita","Comun","Los Negros","45   Bs.-/Arroba (@)","6   Bs.-/3 Libras","Vainita grande","20/06/2008"
"Vainita","Comun","Los Negros","50   Bs.-/Arroba (@)","6   Bs.-/3 Libras","Vainita grande","11/06/2008"
"Vainita","Comun","Los Negros","50   Bs.-/Arroba (@)","6   Bs.-/3 Libras","","10/06/2008"
"Vainita","Comun","Los Negros","35   Bs.-/Arroba (@)","6   Bs.-/3 Libras","","04/06/2008"
"Zanahoria","Chantenay","Cochabamba","200   Bs.-/Bolsa (10@)","24   Bs.-/Arroba (@)","","20/06/2008"
"Zanahoria","Chantenay","Los Negros","280   Bs.-/Bolsa (10@)","30   Bs.-/Arroba (@)","","11/06/2008"
"Zanahoria","Chantenay","Los Negros","280   Bs.-/Bolsa (10@)","30   Bs.-/Arroba (@)","","10/06/2008"
"Zanahoria","Chantenay","Los Negros","35   Bs.-/Bolsa (10@)","40   Bs.-/Arroba (@)","","04/06/2008"
"Zanahoria","Chantenay","Los Negros","370   Bs.-/Bolsa (10@)","40   Bs.-/Arroba (@)","","03/06/2008"
"Zanahoria","Chantenay","Los Negros","300   Bs.-/Bolsa (10@)","33   Bs.-/Arroba (@)","","02/06/2008"
"Zanahoria","Chantenay","Los Negros","240   Bs.-/Bolsa (10@)","26   Bs.-/Arroba (@)","","28/05/2008"
"Zanahoria","Chantenay","Los Negros","230   Bs.-/Bolsa (10@)","25   Bs.-/Arroba (@)","","27/05/2008"
"Zanahoria","Chantenay","Los Negros","280   Bs.-/Bolsa (10@)","30   Bs.-/Arroba (@)","","23/05/2008"
"Zanahoria","Chantenay","Los Negros","250   Bs.-/Bolsa (10@)","28   Bs.-/Arroba (@)","","13/05/2008"
"Zanahoria","Chantenay","Los Negros","200   Bs.-/Bolsa (10@)","25   Bs.-/Arroba (@)","","12/05/2008"
"Zanahoria","Chantenay","Los Negros","320   Bs.-/Bolsa (10@)","35   Bs.-/Arroba (@)","","09/05/2008"
"Zanahoria","Chantenay","Los Negros","160   Bs.-/Bolsa (10@)","18   Bs.-/Arroba (@)","","08/05/2008"
"Zanahoria","Chantenay","Los Negros","250   Bs.-/Bolsa (10@)","30   Bs.-/Arroba (@)","","14/04/2008"
"Zapallo","Quintalero","Los Negros","60   Bs.-/qq","2   Bs.-/Kilo","","20/06/2008"
"Zapallo","Quintalero","Los Negros","50   Bs.-/qq","3   Bs.-/Kilo","","11/06/2008"
"Zapallo","Quintalero","Valles Cruceños","45   Bs.-/qq","2   Bs.-/Kilo","","10/06/2008"
"Zapallo","Quintalero","Valles Cruceños","50   Bs.-/qq","2   Bs.-/Kilo","","04/06/2008"
"Zapallo","Quintalero","Los Negros","50   Bs.-/qq","2   Bs.-/Kilo","","03/06/2008"
"Zapallo","Quintalero","Los Negros","50   Bs.-/Kilo","3   Bs.-/Kilo","","02/06/2008"
"Zapallo","Quintalero","Los Negros","45   Bs.-/qq","2   Bs.-/Kilo","","27/05/2008"
"Zapallo","Quintalero","Los Negros","48   Bs.-/qq","2   Bs.-/Kilo","","23/05/2008"
"Zapallo","Quintalero","Los Negros","0   Bs.-/Kilo","2   Bs.-/Kilo","","13/05/2008"
"Zapallo","Quintalero","Los Negros","1   Bs.-/Kilo","2   Bs.-/Kilo","","12/05/2008"
"Zapallo","Quintalero","Los Negros","1   Bs.-/Kilo","3   Bs.-/Kilo","","09/05/2008"
"Zapallo","Quintalero","Valles Cruceños","1   Bs.-/Kilo","3   Bs.-/Kilo","","08/05/2008"